Weather overview (daytime: 06:00-18:00),Weather overview (night: 18:00 to 06:00 the next day),Average humidity (%),Sunlight hours (hours),Total precipitation (mm),Maximum temperature (ÅãC),Minimum temperature (ÅãC),Total snowfall (cm),Average wind speed (m/s),Maximum number of wind directions (16 directions)
,,,,,,,,,
,,,,,,,,,
"Partly cloudy, then sunny",Sunny then cloudy with occasional rain,85,5.1,5.5,24.9,16.8,0,3.2,West
heavy rain,rain,96,0,49,21.8,15.4,0,2.1,east southeast
Partly cloudy after rain,rainy and sometimes cloudy,95,0,32,22.9,18.8,0,3.8,west southwest
Cloudy with occasional rain,rainy and sometimes cloudy,94,0,1,21.4,17.6,0,2.1,south southeast
Cloudy with occasional rain,rainy and sometimes cloudy,96,0,6,20.2,17,0,2,east southeast
Cloudy with occasional rain,Partially cloudy,92,0,0,23.4,17.7,0,1.9,west northwest
Partially cloudy,Partially cloudy,79,9.1,0,29.8,18.3,0,2.8,west northwest
partly cloudy,partly cloudy,85,4.4,0,27.3,19,0,2.2,east southeast
Partly cloudy with thunder,Partly cloudy with thunder,87,5.1,0,28.1,20.4,0,2,southeast
partly cloudy,partly cloudy,84,6.4,0,25.7,19.6,0,4.2,east southeast
Cloudy with occasional rain,"Partly cloudy, then rain",88,0,0,21.9,18.5,0,4.6,east southeast
Cloudy with occasional rain,"Partly cloudy, then occasional rain",87,2.3,0,26.4,18.3,0,4.5,east southeast
Cloudy with occasional rain,rainy and sometimes cloudy,89,0,1.5,23.1,17.9,0,4.2,east southeast
Cloudy then sunny with a shower,Cloudy with occasional rain,82,4,0,27,19.5,0,2.1,South
fine weather,Cloudy,79,12.4,0,30.6,19.7,0,3.6,east
"Partly cloudy, partly rainy, partly sunny",rain,86,2.1,2,27.2,20.2,0,5.5,east
Partly cloudy after rain,Cloudy with occasional rain,87,0.3,9,23.7,19.5,0,4.2,east southeast
Partly sunny after cloudy,Cloudy with occasional rain,79,3.5,0,24.9,18.4,0,5.4,east southeast
rainy and sometimes cloudy,rainy and sometimes cloudy,92,0,3.5,20.3,18.2,0,7.1,east southeast
rainy and sometimes cloudy,Cloudy with occasional rain,92,0,7.5,19.2,18.2,0,7.2,east southeast
rainy and sometimes cloudy,Partly cloudy and foggy,91,0,14,21.6,18.1,0,1.9,West
Partly sunny after cloudy,Partially cloudy,85,1.4,0,25.1,17.3,0,2.1,northwest
"Partly cloudy, then occasional rain",Partly cloudy with thunder,86,1.8,2,28,18.6,0,3.1,east
"Cloudy after rain, sometimes sunny",Cloudy,91,0.7,9.5,23.7,19.5,0,1.8,east southeast
fine weather,partly cloudy,85,10.8,0,26.5,19.6,0,2.3,south southeast
rainy and sometimes cloudy,rainy and sometimes cloudy,89,0,1,24.2,20,0,2.7,east
rainy and sometimes cloudy,Cloudy with occasional rain,88,0,1.5,23.1,20.1,0,1.9,west northwest
Partly rain after cloudy,partly cloudy,82,1.6,0,24.6,18.3,0,2.7,west northwest
partly cloudy,partly cloudy,82,8.3,0,26.2,17.5,0,1.7,south southeast
partly cloudy,partly cloudy,80,10.5,0,27.3,20.7,0,1.8,South
"Partly cloudy, then sunny",Partly sunny with some rain and fog,87,6.9,0,26.8,21.4,0,1.8,south southeast
fine weather,Partly cloudy after clear skies,80,12.3,0,28.7,19.9,0,1.9,south southeast
fine weather,Partially cloudy,80,12.2,0,29,19.6,0,1.7,south southeast
fine weather,Sunny then sometimes cloudy,81,13.5,0,29.2,20.8,0,2.2,south southeast
"Partly cloudy, partly rainy, partly sunny",rainy and sometimes cloudy,79,3.2,0,30.7,21.5,0,4,west northwest
heavy rain,rainy and sometimes cloudy,96,0,67,25.1,20.9,0,3.2,east southeast
Partly cloudy with occasional rain,Cloudy with occasional rain,82,9.5,7,29.3,21.8,0,4.4,West
Cloudy with occasional rain,Cloudy with occasional rain,89,0,13,23.8,19.6,0,4.3,east southeast
"Partly cloudy, then sunny",Cloudy with occasional rain,79,1.3,0,24.6,19.1,0,4.3,east
"Partly cloudy, then partly sunny",partly cloudy,78,3.2,0,24.1,19,0,4.8,east
Cloudy,Cloudy with occasional rain,78,2.9,0,24.6,19,0,4.5,east
Cloudy with occasional rain,Cloudy with occasional rain,86,2.6,6.5,27.2,20.7,0,3.4,east
Cloudy with occasional rain,Heavy rain Occasionally cloudy with thunder,90,1.6,104.5,30,21.5,0,4.4,southwest
rainy and sometimes cloudy,rainy and sometimes cloudy,93,0,10,26,22.1,0,2.5,southwest
rain,"Rain, partly cloudy, partly sunny",96,0,20.5,22.5,21.1,0,1.7,southeast
"Partly cloudy, then rain","Occasionally cloudy after heavy rain, accompanied by thunder",93,0.2,66,25.7,21.3,0,1.9,east
"Partly cloudy, then sunny",fine weather,88,6.8,15.5,28.6,21.6,0,2,south southeast
Partly cloudy with occasional rain,Cloudy with occasional rain,77,10.4,0,29,20.6,0,2.4,north northeast
"Partly cloudy, then sunny",Cloudy,75,7.1,0.5,28.1,19.8,0,2.6,north northeast
Cloudy with occasional rain,rain,84,1.5,10,26.2,19.5,0,2.6,east southeast
"Heavy rain, sometimes cloudy",partly cloudy,89,0.4,53.5,27.3,21.7,0,5.5,southwest
fine weather,partly cloudy,72,12.5,0,28.6,19.7,0,3.1,west northwest
rainy and sometimes cloudy,"Rain, sometimes cloudy, then clear",85,0,25,22.5,17.7,0,3.9,east
fine weather,Cloudy with occasional rain,74,11.8,0,28.3,16.1,0,3.9,west northwest
Partly cloudy after rain,fine weather,89,0.6,10,25.7,20.6,0,2.3,West
fine weather,fine weather,73,13.1,0,28.6,15.3,0,2.4,north northeast
partly cloudy,Cloudy with occasional rain,71,8.2,0,29,16.6,0,3.8,east
Cloudy with occasional rain,fine weather,80,0.6,2.5,28.1,17.9,0,3.5,West
fine weather,Partly cloudy after clear skies,68,12.8,0,26.8,16.5,0,4.1,West
Sunny then sometimes cloudy,Cloudy with occasional rain,73,10.2,0,25.8,14,0,2.7,south southeast
Cloudy then sunny with a shower,"Partly sunny, then cloudy",78,3.7,0,25.5,18.3,0,1.6,north northeast
Cloudy with occasional rain,rainy and sometimes cloudy,85,0,1,25.2,19.6,0,3.4,east southeast
"Partly cloudy, partly rainy, partly sunny",Partly cloudy with occasional rain,74,3.7,0,24,16,0,3.2,west southwest
partly cloudy,partly cloudy rain,72,5.8,0,25,14.2,0,2.2,east
Cloudy with occasional rain,rain,82,0.4,4,24.8,19.1,0,1.9,east northeast
heavy rain,Cloudy with occasional rain,95,0,65,23.1,17.8,0,2.9,east
Partly sunny after cloudy,Partly sunny after cloudy,82,3.6,0,27.4,19.2,0,2.5,West
partly cloudy rain,Partly sunny after cloudy,71,5.9,0,24.1,14.7,0,3.4,west northwest
Cloudy,Cloudy,76,1.7,0,22.6,13.7,0,1.8,north northeast
fine weather,partly cloudy,78,10.3,0,27.1,16.3,0,3.5,east southeast
Cloudy with occasional rain,partly cloudy,84,0.4,0,24.4,19.8,0,4.5,east
partly cloudy,Cloudy with occasional rain,82,8.4,0.5,27.7,20,0,6,east southeast
fine weather,fine weather,62,11.8,0,27.1,18.6,0,4.4,West
Partly cloudy after clear skies,Partly sunny after cloudy,69,9.1,0,24.9,13.8,0,1.9,North
fine weather,fine weather,70,12.1,0,26.9,14.8,0,1.7,north northwest
fine weather,fine weather,69,12.2,0,26.7,15.5,0,3.3,east
Sunny then sometimes cloudy,partly cloudy,76,7.2,0,24.7,18.1,0,4.7,east southeast
Partly sunny after cloudy,Partly rain after cloudy,80,6.9,0,26.9,19.8,0,4.3,east southeast
"Partly cloudy, then sunny",fine weather,76,8,0,28,18.2,0,2.8,northwest
fine weather,clear after cloudy,66,11.6,0,23,14.6,0,4.2,northwest
Partially cloudy,Cloudy,76,8,0,23.3,13,0,1.7,north northeast
Cloudy with occasional rain,Cloudy with occasional rain,76,0.1,0,23.8,16.5,0,3.3,east
partly cloudy,Cloudy,79,7.4,0,27.7,19.3,0,1.7,northwest
rainy and sometimes cloudy,Partly cloudy after rain,91,0,15,25.4,19.8,0,1.5,north northeast
Partly rain after cloudy,"Heavy rain, sometimes cloudy",90,0,4.5,24.8,16.7,0,2.3,northwest
"Partly cloudy, then sunny",Sunny then sometimes cloudy,68,6.9,38,19,9.1,0,5.3,northwest
Partially cloudy,fine weather,69,7.8,0,20.1,8.5,0,2.4,north northeast
"Partly sunny, partly rainy, partly cloudy",Cloudy with occasional rain,73,10.1,0,22.6,8.7,0,5.4,east southeast
Partly cloudy after heavy rain,Cloudy with occasional rain,94,0,37.5,22.3,18.9,0,2.7,east southeast
"Cloudy after rain, sometimes sunny","Partly cloudy, then sunny",79,3.7,5,23,16,0,3.8,west northwest
"Partly sunny, partly rainy, partly cloudy",Cloudy,70,10.3,0,23.7,13.3,0,2.7,west northwest
partly cloudy,Sunny then sometimes cloudy,73,9.6,0,24.3,13.7,0,2.6,north northeast
Partially cloudy,Cloudy,71,9.4,0,24.1,11.6,0,2.1,north northeast
clear after cloudy,fine weather,76,6.2,0,24,14.7,0,2.1,east southeast
Sunny then cloudy with occasional rain,Partially cloudy,79,4.9,0,24,14.2,0,3.1,west northwest
fine weather,Partly cloudy after clear skies,82,8.4,0,24.8,15.6,0,2.4,north northeast
fine weather,fine weather,79,10.8,0,25.8,15.6,0,2.1,west southwest
fine weather,partly cloudy,82,9.6,0,24.2,14.9,0,3.4,east southeast
"Partly cloudy, partly rainy, partly sunny",rainy and sometimes cloudy,81,1,0,22.9,17.5,0,3.5,east southeast
heavy rain,"Partly cloudy, then sunny",89,0,65,22.1,12.1,0,4.9,northwest
Cloudy then sunny with occasional rain,Sunny then cloudy with occasional rain,70,4,0,13.4,5.9,0,3.2,west northwest
partly cloudy,partly cloudy,63,7,0,15.3,5.1,0,2.6,north northwest
Partly rain after cloudy,cloudy after rain,72,0.2,0.5,14.6,4.8,0,2.1,east northeast
Partially cloudy,Partly cloudy after clear skies,63,8.7,0,17.4,8.2,0,2.9,northwest
Sunny then cloudy with occasional rain,Cloudy with occasional rain,72,4.5,0,17.9,6.9,0,4.1,east
heavy rain,Partly cloudy after rain,94,0,51.5,18.3,14.5,0,5.9,east southeast
"Rain, partly cloudy, partly clear, accompanied by thunder",Cloudy with occasional rain then clear,75,4.9,10.5,18.9,13.5,0,5,West
fine weather,fine weather,64,10.1,0,18,7,0,3.8,west northwest
fine weather,Sunny then sometimes cloudy,74,10.5,0,17.8,5.5,0,2,east northeast
fine weather,Cloudy,78,8.2,0,19.9,9.2,0,2.9,northeast
"Partly cloudy, then clear with thunder",fine weather,79,5.2,0,21.8,13,0,3.5,east southeast
Sunny then sometimes cloudy,Cloudy,82,5.5,0,20.6,12,0,2.3,east
Cloudy with occasional rain,Sunny and then a little rain,77,3.9,4,20.3,6,0,3.3,west northwest
Sunny then sometimes cloudy,Partly cloudy with occasional rain,63,5.6,0,13.2,4.9,0,3.9,west northwest
partly cloudy,fine weather,70,9.6,0,14.6,3.7,0,3.6,west northwest
"Partly cloudy, partly rain",fine weather,70,5.8,0,16.7,5.3,0,4,West
partly cloudy,Partly cloudy with occasional rain,77,4.7,0,20,10.3,0,2.5,west southwest
fine weather,Sunny then sometimes cloudy,72,9.6,0,21.1,11.6,0,3.3,West
"Partly cloudy, then partly sunny",sunny shower,65,1.3,0,14.2,4.7,0,3.8,west northwest
sunny and rainy,fine weather,72,9.2,0,12.6,2.9,0,3.8,northwest
fine weather,fine weather,60,10.4,0,13.9,2,0,2,North
"Partly sunny, partly rainy, partly cloudy",fine weather,69,7.2,0,15,3.4,0,2.3,north northwest
partly cloudy,Sunny then cloudy with occasional rain,72,5.8,0,15.4,3.7,0,2.1,North
Sunny and then a little rain,"Sunny after rain, sometimes cloudy",78,7,1.5,17.6,7.8,0,2.2,south southeast
"Sunny, then rainy, partly cloudy",Partially cloudy,81,6.5,1,14,6.9,0,3.4,west northwest
fine weather,fine weather,76,8.5,0,17.1,6.8,0,3.4,northwest
fine weather,partly cloudy,76,9.7,0,15.5,5.2,0,2.6,east southeast
Cloudy with occasional rain,"Cloudy after rain, sometimes sunny",72,4.3,0.5,17.2,10.7,0,3.2,east southeast
partly cloudy,Sunny then cloudy with occasional rain,72,9,3.5,14.8,6.3,0,2.8,west northwest
rainy and sometimes cloudy,Cloudy then clear and snow,81,0,9,9.4,5.5,0,2.5,northwest
Sunny then sometimes cloudy with occasional showers,"Clear, then cloudy with occasional snow and sleet",63,6.8,0,10,0.9,0,4.2,west northwest
"Rain, sometimes cloudy, then fine, with sleet","Rain, sometimes cloudy, then clear",69,5,0.5,10,0.1,0,3.4,west northwest
fine weather,Partly cloudy after clear skies,71,8.2,0,13,1.3,0,2.7,west northwest
Sunny then sometimes cloudy,Partially cloudy,73,8,0,12.3,0.9,0,1.9,west southwest
"Cloudy after rain, sometimes sunny",Partially cloudy,85,2.3,3,11.8,2.6,0,2.1,north northwest
partly cloudy,Partly cloudy after clear skies,71,7.4,0,13.4,3.3,0,3,west northwest
Partly cloudy after clear skies,fine weather,58,6.7,0,16.5,2.9,0,4.8,west northwest
fine weather,partly cloudy,65,9.7,0,12.1,0.4,0,2.1,north northeast
Partially cloudy,partly cloudy,76,6.8,0,16,2.4,0,2.4,north northeast
Cloudy with occasional rain,Partly cloudy with occasional rain,79,0,12,18.7,7.6,0,5.9,northwest
Sunny with occasional rain and cloudy,Partly sunny after cloudy,68,4.5,1,9.5,4.9,0,4.4,northwest
"Rain, partly cloudy, partly sunny",Partly sunny after cloudy,82,1.1,0,9.5,2.4,0,2,North
Partly cloudy with occasional rain,"Sunny then sleet, sometimes cloudy",74,6.4,0,9.1,0.2,0,3.6,west northwest
"Partly cloudy, then occasional rain",fine weather,66,8.1,0.5,8.7,0,0,3.2,west northwest
"Cloudy, sometimes sunny, then rain","Cloudy after rain, sometimes sunny",82,2.6,8,10.3,-0.6,0,1.8,north northeast
fine weather,Sunny then cloudy with occasional rain,75,8.6,0,12,2.7,0,3.1,northwest
Partially cloudy,"Partly cloudy, then rain",75,3.8,0,14,3.4,0,5.2,east southeast
sunny shower,"Sunny then rainy, sometimes cloudy",84,3.8,0.5,16.4,8.3,0,2.4,South
fine weather,fine weather,61,5.4,1,11.8,-0.2,0,4.9,west northwest
partly cloudy,rainy and sometimes cloudy,71,5.4,0,8.9,-1,0,3.2,east
Cloudy with occasional rain,fine weather,77,3.1,0,12.9,2.3,0,3,west northwest
fine weather,Cloudy then sunny with a shower,68,7.8,0,11.9,0.3,0,2.3,north northeast
"Partly cloudy after rain, accompanied by thunder","Cloudy after rain, sometimes sunny",73,1,8.5,15,4.8,0,4.8,west northwest
Partly cloudy with occasional sleet,Cloudy with occasional snow and occasional clear skies with sleet,67,2.5,0,5.3,2.4,0,4.7,west northwest
"Rain, sometimes sunny, then cloudy, with sleet",partly cloudy rain,77,1.4,0,10.9,1.4,0,2.2,east
rainy and sometimes cloudy,"Cloudy after rain, sometimes sunny",79,0.8,17.5,18.4,8.3,0,4,southwest
"Partly cloudy with occasional snow, with sleet",snow sometimes cloudy,73,0.2,3,8.4,-4,6,5.8,northwest
snow sometimes cloudy,Clear skies after snow,89,1.8,10,-1.4,-4.7,17,4.6,west northwest
"Partly sunny, partly snowy, partly cloudy",Cloudy with occasional snow,80,8.2,2.5,-0.6,-8.1,3,2.6,north northwest
Cloudy with occasional snow and sleet rain,"Sleet, occasional rain, cloudy, temporary snow",89,0,11,4.2,-2.5,1,2.8,North
"Partly cloudy, partly snow",Snow sometimes sunny partly cloudy,71,3.3,0.5,3.4,-5.1,1,5,west northwest
"Snow, partly cloudy, partly sunny","Partly cloudy, then sunny",78,5.6,0,-0.8,-5.7,1,3.4,west northwest
"Partly cloudy, then partly snow","Snow, partly cloudy, partly sunny with sleet",81,0.4,0.5,2.8,-3.4,0,2,north northwest
Cloudy with occasional snow,snow sometimes cloudy,89,2,4.5,3.1,-1.8,7,2.6,west northwest
Sunny with occasional snow and cloudy,"Partly cloudy, partly snow",78,5.3,3,2,-3.4,11,3.6,west northwest
"Partly cloudy, then snow, occasional sleet",Cloudy with occasional snow,88,3.1,1.5,2.5,-3.7,1,1.6,east northeast
Sunny with occasional snow and sleet rain,partly cloudy with sleet,89,4.9,2,4.4,-3.7,0,2,North
partly cloudy,partly cloudy,73,3.8,0,3.3,-2.9,0,2.6,northwest
Partially cloudy,Cloudy,62,5.7,0,4.4,-2.3,0,2.7,west northwest
"Rain, partly cloudy, partly sunny",Cloudy after rain with occasional snow and sleet,77,1.2,7,8.2,0.7,0,4.4,west northwest
snow sometimes cloudy,snow,81,0.1,8,1.7,-6.5,12,5.5,west northwest
snow,snow,89,0,20.5,-3.1,-5.4,22,5.9,west northwest
snow sometimes cloudy,snow,83,2,4.5,-2.9,-5.6,10,4.9,west northwest
Snow sometimes sunny then cloudy,"Cloudy after snow, sometimes sunny with sleet",85,2.6,8.5,1.2,-6.2,6,2.8,north northwest
cloudy sometimes sunny then snow,"After snow, partly cloudy and partly sunny",82,2.2,7.5,-1.7,-7.3,12,3.8,west northwest
"After snow, partly cloudy","Clear, then snow, sometimes cloudy",78,7.2,1.5,-3.4,-9.1,2,3.3,west northwest
snow sometimes cloudy,snow sometimes cloudy,86,2.4,2.5,-1.8,-8.8,4,3.5,west northwest
"Partly cloudy, partly snow, partly sunny","Cloudy, sometimes sunny, then rain",76,3.2,0,3,-3.1,0,2.3,west northwest
rainy and sometimes cloudy,Rain with occasional clouds and sleet,87,0,17.5,6.6,2.8,0,7.6,east
Partly cloudy with sleet,Cloudy with occasional snow and sleet,72,0,0.5,5,1.6,0,4.1,West
"After rain, sleet, sometimes cloudy","Sunny, occasional snow, sleet, cloudy",78,3.6,4.5,5.4,0,5,5.7,north northwest
Cloudy then sunny and sleet,Cloudy with occasional sleet,70,7.7,0,4.8,1.5,0,7,northwest
"Sleet, occasional cloudy, temporary rain and clear skies",Partly sunny with sleet,77,3.1,0,5.7,-0.6,0,5.5,northwest
Partially cloudy,"Clear, then cloudy, then snow",76,4,0,6.3,-1.4,0,3.1,north northwest
Cloudy then sleet sometimes sunny,"Snow, partly cloudy, partly sunny",88,0.2,0.5,4,-0.6,4,1.8,North
"Snow, partly cloudy, partly sunny","Clear, then snow, partly cloudy",87,2.3,12,-0.2,-6.5,18,3.8,west northwest
snow sometimes cloudy,cloudy with occasional snow,87,2.3,0.5,-0.7,-6.8,3,2.8,west northwest
Cloudy,After cloudy snow with occasional sleet,75,0.9,0,3.1,-2.7,0,2.8,West
Snow with occasional clouds and sleet,snow,84,1.3,3,2.9,-5.6,6,4,west northwest
snow sometimes cloudy,snow,83,1.8,4.5,-4.9,-7.9,8,4.7,west northwest
snow,snow sometimes cloudy,89,0.1,10.5,-4.5,-7.4,17,4,west northwest
"Snow, partly cloudy, partly sunny",snow sometimes sunny,82,2.2,2,-3.7,-10.6,1,3.8,west northwest
"Snow, partly cloudy, partly sunny",cloudy with occasional snow,79,1.1,3.5,-1.3,-8.6,9,3.1,west northwest
"Partly cloudy, then occasional snow","Snow, partly cloudy, partly sunny",77,2.5,0.5,1.8,-3.8,0,2.5,west northwest
fine weather,Partially cloudy,77,8.1,0,2.4,-6.7,2,1.7,northwest
fine weather,cloudy sometimes sunny then snow,72,8.1,0,3,-6.7,0,2.5,west northwest
"After snow, sleet, sometimes cloudy",fine weather,85,1.9,3.5,3.4,-4.8,4,3.1,northwest
fine weather,Sunny then cloudy with occasional snow,68,8.4,0,-0.2,-6.6,0,4.2,west northwest
Cloudy with occasional snow and sleet,Partly cloudy with sleet,81,1.2,0.5,5.2,-5.5,1,2.3,north northeast
partly cloudy,"Partly sunny, partly rainy, partly cloudy",75,8,0,8,-0.6,0,2.8,west northwest
Cloudy with occasional rain,partly cloudy rain,82,3.8,0,11.5,-1,0,2.2,north northeast
Cloudy after rain with sleet,"Partly cloudy, then snow",83,0,6,5.1,0.7,0,3.3,northwest
snow,Clear skies after snow,93,0,14,0.8,-2.1,33,2.2,east
"Clear, then cloudy, then snow","Clear, then cloudy, then snow",73,5.9,5.5,0.9,-6.5,3,4.5,northwest
Cloudy with occasional snow,Temporary snow after cloudy,79,1.9,0,-2.2,-7,0,2.4,west northwest
"Partly cloudy, partly snow",Sunny then sometimes cloudy,73,3.5,0,0.6,-7.6,0,3,northwest
"Clear, then snow, sometimes cloudy","After snow, sometimes sleet, sometimes cloudy, partly sunny",77,5.2,1.5,1.2,-9.8,2,2.2,east
"Clear, then cloudy, then snow","Cloudy with occasional sleet, then some snow",80,4.6,9,2.9,-1.9,11,3.6,east
"Snow, partly cloudy, partly sunny",Snow Temporarily cloudy then sometimes sunny,77,5,1.5,0.1,-7,3,6,west northwest
"Snow, partly cloudy, partly sunny",Sunny and sometimes snow,82,4.3,1,-3.3,-11.6,2,2.7,west northwest
Sunny then cloudy with occasional snow,"Cloudy after snow, sometimes sunny",77,3.4,5,0.2,-11.4,8,3.1,east northeast
cloudy with occasional snow,Partly cloudy with occasional snow,72,0,1,-3,-13,0,4.3,northwest
snow sometimes cloudy,snow,73,0.9,7,-8.7,-13.1,12,6.4,west northwest
cloudy then snow sometimes sunny,"Snow, sometimes cloudy, then clear",73,3.4,3,-4,-9.2,3,5.4,west northwest
Cloudy with occasional snow,"Clear, then snow, partly cloudy",81,1,0,-2.7,-10.4,0,2.2,north northwest
snow,snow sometimes cloudy,84,1.3,3.5,-6.2,-10.2,7,4.3,west northwest
"Snow, partly cloudy, partly sunny",fine weather,78,5.7,1.5,-6.3,-11.4,1,3.2,west northwest
partly cloudy,Snow sometimes sunny partly cloudy,75,5,0.5,-1.9,-12.7,2,2.2,north northwest
snow sometimes cloudy,snow sometimes cloudy,82,2.8,1.5,-2.7,-7.9,4,3.4,west northwest
Cloudy then snow Occasional sleet rain,"Cloudy with temporary snow, then clear with sleet",88,0.2,10.5,3.1,-6.9,10,3.9,east
snow sometimes sunny,snow sometimes cloudy,74,5.2,0,-0.9,-8.8,2,5.6,west northwest
snow sometimes cloudy,cloudy with occasional snow,81,4.2,1,-3.2,-9.9,2,2.4,West
"Cloudy after snow, sometimes sunny",Partly cloudy with occasional snow,77,4.7,0,-1,-7.1,0,2.2,west northwest
Partly cloudy with occasional snow,Temporary sleet after snow Temporarily cloudy,81,5.9,0.5,1.2,-8.8,4,2.7,west northwest
Partially cloudy,"Clear, then occasional snow, partly cloudy",82,7.2,2,3.5,-3.9,3,2.3,West
fine weather,Partially cloudy,70,9.1,0,2,-7.6,1,2.5,northwest
"Clear, then cloudy, then snow",Sunny and sometimes snow,67,7.3,0,1.1,-8.9,1,1.8,north northwest
Sunny then sometimes cloudy,partly cloudy,69,5.4,0,-1.7,-8.3,0,3.2,west northwest
Temporary snow after cloudy,Cloudy with occasional snow and clear skies,73,0,0,0,-9.1,0,2.5,east
"Clear, then cloudy with occasional snow and sleet","Cloudy with occasional clear skies, followed by snow and sleet",82,3.7,0,4.1,-4.9,0,1.7,west northwest
Cloudy with occasional sleet,partly cloudy,82,3.2,4.5,4.3,-1.7,4,2.9,north northwest
Cloudy then sunny with occasional snow,fine weather,79,3.1,0,2.9,-3.8,1,2.2,northwest
"Clear, then cloudy, then snow","Snow, sometimes cloudy, then clear",74,5.8,4.5,-0.3,-5.6,11,3.2,northwest
"Partly sunny, cloudy after snow",Sunny and sometimes snow,71,7.9,0,-2.5,-10.2,0,3.1,northwest
"Snow, partly cloudy, partly sunny","Partly cloudy, partly snow",76,4.6,0,0,-11.2,0,3.1,West
"Partly cloudy, sleet after snow","Sleet, sometimes cloudy, partly sunny",84,1.3,1.5,5.2,-2.7,0,2.4,West
fine weather,partly cloudy,68,8.9,0,7.8,0.8,0,3,West
Partly cloudy with sleet,Temporary sleet rain after snow Occasionally cloudy,86,0,3,4.7,0.5,2,2,east southeast
"Snow, partly cloudy, partly sunny",Sunny and temporary snow,76,2.2,2,1.2,-5.5,3,5.3,northwest
Sunny then cloudy with occasional snow,Sunny and temporary snow,73,5.7,0,-0.3,-6.5,0,4,northwest
"Snow, partly cloudy, partly sunny",snow,81,4,1.5,1.4,-8.8,8,3.1,West
"Partly cloudy, then rain, occasional sleet",Partially cloudy,89,2.6,2.5,5.3,-1.9,0,2.3,west southwest
"Partly sunny, partly snowy, partly cloudy",Snow sometimes sunny partly cloudy,73,8.2,0.5,4.5,-4.9,2,2,North
"Partly cloudy, partly snow","Clear, then snow, sometimes cloudy",76,7.8,0.5,2.2,-4.9,1,4,northwest
cloudy then snow sometimes sunny,Sunny and sometimes snow,74,6.5,2.5,-0.3,-6.7,2,3.9,northwest
partly cloudy,fine weather,63,9.4,0,7.2,-8.7,0,4.1,West
Partly cloudy with occasional rain,partly cloudy,64,6.3,0,11.3,4.7,0,4.9,West
Partially cloudy,Sleet and sometimes cloudy,64,6.3,0,9.2,1.6,0,3.8,west northwest
Partially cloudy,Clear and occasional snow,70,7,1,5.1,-1.8,1,3.7,northwest
Snow sometimes sunny partly cloudy,"Snow, partly cloudy, then sleet, clear skies",79,4.7,5,4.3,-2.9,11,3.1,northwest
Sunny then sometimes cloudy,fine weather,74,5.3,0,5.1,-3.4,0,3.2,west northwest
fine weather,fine weather,66,10.8,0,7.4,-5.3,0,3.2,West
partly cloudy rain,partly cloudy,77,1.2,0,9,-0.5,0,3.3,southwest
Cloudy with occasional rain,Sunny then sometimes cloudy,84,0.2,0,10.3,1.9,0,2.6,southwest
Cloudy with occasional rain,Partially cloudy,84,1.6,0,13.2,1,0,3.5,southwest
partly cloudy,rainy and sometimes cloudy,85,1.5,0,7.2,0.6,0,4.1,east
cloudy after rain,Partially cloudy,86,1.5,10,11,2.8,0,4.8,east southeast
fine weather,partly cloudy,70,10.3,0,10.1,1.6,0,4.2,west northwest
Partly cloudy after clear skies,partly cloudy,81,8.1,0,10.3,0.1,0,4.7,east southeast
rainy and sometimes cloudy,"Partly cloudy, then occasional snow",76,0,4,11.1,1.2,0,6.4,West
partly cloudy,fine weather,52,7.3,0,6.6,-0.6,0,3.2,west northwest
Sunny then sometimes cloudy,Partially cloudy,63,10.2,0,11.2,-1.4,0,3.7,east
rainy and sometimes cloudy,"Partly sunny, cloudy after snow",77,0.2,2,8.8,1,0,3,West
Partly cloudy with occasional snow and sleet,fine weather,57,3.9,0,7.3,-1.5,0,4.6,West
Partially cloudy,partly cloudy,59,7.9,0,8.8,-2.3,0,2.9,west northwest
fine weather,fine weather,55,10.6,0,11.1,-1.7,0,4.3,West
fine weather,partly cloudy,53,11.5,0,14.5,2,0,3.6,west northwest
fine weather,fine weather,59,11.2,0,15.1,2.2,0,2.1,South
fine weather,partly cloudy,68,10.5,0,15.6,3.3,0,1.7,south southeast
Partially cloudy,rainy and sometimes cloudy,79,8.4,2,16.2,5.6,0,1.6,west northwest
Partially cloudy,Partially cloudy,62,9.2,1,11.9,0.4,0,5.9,north northwest
Partially cloudy,partly cloudy,64,7.6,0,9.6,-1.6,0,2.1,southeast
rainy and sometimes cloudy,"Cloudy after rain, sometimes sunny",87,0,13.5,9.4,2.5,0,3.9,northwest
"Sunny, then cloudy with occasional rain and sleet",fine weather,60,8.4,0.5,9.4,0.5,0,6,West
fine weather,fine weather,58,11.9,0,11.2,-0.8,0,2.9,southwest
"Cloudy, sometimes sunny, then rain",fine weather,75,4.5,0,10.7,-0.5,0,2,north northeast
fine weather,partly cloudy,74,9,0,13.3,1.7,0,2.9,east northeast
"Rain, sometimes cloudy, then clear",fine weather,75,5.4,4.5,13.9,3,0,2.9,northeast
fine weather,fine weather,61,12.2,0,12.7,0.5,0,5.1,northwest
fine weather,fine weather,73,10.1,0,10.6,0.6,0,2.5,north northeast
fine weather,fine weather,75,12,0,12.4,0.4,0,1.7,south southeast
Sunny then sometimes cloudy,Cloudy,56,10.3,0,17.2,2.2,0,2.9,west northwest
Cloudy,Cloudy with occasional rain,59,1.2,0,15.1,8.8,0,2.6,east southeast
rainy and sometimes cloudy,rainy and sometimes cloudy,83,0,2,16.5,9.2,0,2.9,South-southwest
rain,Cloudy with occasional rain,94,0,14.5,13.4,8.6,0,2.7,west northwest
Cloudy then sunny with occasional rain,Cloudy with occasional rain and sleet,74,5.2,2,12.9,4.5,0,3.2,west northwest
"Rain, partly cloudy, partly sunny",Sunny then sometimes cloudy,68,4.7,1,10.3,1.9,0,4.8,west northwest
Partially cloudy,Sunny then cloudy with occasional rain,74,9,0,14.8,2.1,0,4.2,southwest
"Partly cloudy, partly sunny and partly rainy",rainy and sometimes cloudy,73,4.2,0,17.4,6.8,0,5.3,southwest
Cloudy with occasional rain then clear,"Partly cloudy with occasional rain, accompanied by thunder",59,7.3,18,15.1,5.7,0,6.6,West
Partly cloudy with occasional rain,Partly sunny after cloudy,46,8.8,0,13.4,4,0,5.1,West
Partly rain after cloudy,Partially cloudy,71,1.8,0,15,3.8,0,4.3,southwest
partly cloudy,rain,58,6.4,2.5,14.3,1.8,0,3.9,east
rainy and sometimes cloudy,Partly cloudy with occasional rain,86,0,20,12.3,3.9,0,5.4,West
Cloudy with occasional rain,Partly cloudy after clear skies,66,2.4,0,9.2,1.5,0,5.2,west northwest
Sunny then sometimes cloudy,rainy and sometimes cloudy,66,9.7,0,12.5,-0.7,0,2.7,southwest
Cloudy with occasional rain,Partly sunny after cloudy,77,2.4,11.5,12.4,6.6,0,3.6,West
partly cloudy,Cloudy with occasional rain,72,4.2,0,16.7,5.4,0,2.7,South-southwest
Partially cloudy,partly cloudy,38,9.8,0,13.8,6.6,0,7.7,west northwest
Partially cloudy,"Clear, then rainy, partly cloudy, with sleet",50,10.5,0,11.5,3.2,0,6.2,west northwest
Cloudy with occasional rain and sleet,fine weather,52,6.1,1.5,11.8,3.5,0,5.8,west northwest
Cloudy with occasional rain,fine weather,52,7,0,12,2.9,0,4.9,West
Partly cloudy after clear skies,Cloudy with occasional rain,48,9.8,0,14.8,2.1,0,3.8,east southeast
Partly cloudy after rain,"Partly cloudy, then sunny",86,0.2,11,12.6,7.7,0,4.3,east southeast
fine weather,Partly cloudy after clear skies,45,13.4,0,14.2,5.6,0,6.4,West
Cloudy with occasional rain,partly cloudy,71,6,0,15.6,5.6,0,3.8,southwest
Cloudy with occasional rain,rainy and sometimes cloudy,69,5.2,1,19.3,6.4,0,2,south southeast
"Sunny after rain, sometimes cloudy",partly cloudy,77,6.4,9.5,18.4,10.4,0,4.3,west southwest
"Sunny then rainy, sometimes cloudy",Cloudy with occasional rain,69,9,2,17.4,8,0,4.3,southwest
fine weather,Partly cloudy after clear skies,59,12.4,0,16.6,6.3,0,4.5,west northwest
partly cloudy,Partially cloudy,64,3.3,0,16.4,5.9,0,4.1,southwest
Partly sunny after cloudy,partly cloudy,72,4.3,0,19.4,8.3,0,3.4,southwest
Cloudy,partly cloudy rain,76,3,4.5,18.6,10,0,2.2,west northwest
rainy and sometimes cloudy,rainy and sometimes cloudy,94,0,12,13.6,7.6,0,2.6,east southeast
partly cloudy,Partly rain after cloudy,73,7.1,0,14.1,7,0,4,east southeast
cloudy after rain,Partly cloudy after clear skies,78,1.1,2.5,10,5.4,0,2.8,east southeast
partly cloudy,Cloudy then sometimes sunny with thunder,78,6.9,0,15.6,5.1,0,4.8,southwest
"Partly sunny, cloudy after rain, accompanied by thunder",fine weather,62,8.3,0,17.1,6.6,0,2.6,east northeast
partly cloudy,Sunny then cloudy with occasional rain,56,11.3,0,15.7,3.4,0,3.7,northwest
Cloudy then sunny with a shower,fine weather,70,6.5,0,16.1,3.4,0,2.4,south southeast
partly cloudy,Partially cloudy,68,7.8,0,16.9,4.6,0,1.6,south southeast
"Sunny, then rainy, partly cloudy",rainy and sometimes cloudy,79,7.9,0.5,16,5.4,0,1.9,North
Cloudy with occasional rain,partly cloudy rain,84,0,3,18.1,12.8,0,3.3,east southeast
partly cloudy,partly cloudy,84,9.3,0,19.2,12.2,0,2.2,south southeast
fine weather,partly cloudy,82,10.7,0,21.4,11.3,0,2,south southeast
Partially cloudy,Cloudy,74,11.5,0,24.3,13,0,2.7,west southwest
rainy and sometimes cloudy,Cloudy with occasional rain,87,0,0,17.5,13,0,2.1,south southeast
partly cloudy,"Partly cloudy, then partly rain",77,4.9,0,18.2,10.8,0,4.6,east southeast
rainy and sometimes cloudy,"Partly cloudy, then partly sunny",94,0,4.5,15.2,10.1,0,3.5,east
Partially cloudy,partly cloudy,72,10,0,20.2,8.7,0,3.9,West
fine weather,partly cloudy,70,9.5,0,16.2,6,0,2.8,east southeast
fine weather,fine weather,67,14.1,0,20.6,7.8,0,3.1,northwest
fine weather,fine weather,66,13.9,0,22.3,8,0,2.2,West
Cloudy with occasional rain,Cloudy with occasional rain,71,6.2,3.5,21.7,9.8,0,2.6,south southeast
Partially cloudy,Cloudy,73,9.4,0,22.3,14.9,0,3.2,southwest
partly cloudy rain,Cloudy with occasional rain,90,0,3,18.1,13.8,0,1.9,south southeast
Cloudy then sunny with a shower,Sunny then cloudy with occasional rain,79,7.5,0,22.4,12.7,0,3.7,West
Cloudy with occasional rain and thunder,fine weather,70,7.9,0,19.7,9.2,0,3.8,west northwest
fine weather,Partly cloudy after clear skies,64,13.5,0,21.4,7.9,0,3.7,West
fine weather,partly cloudy,58,13.6,0,24.2,10.1,0,3.3,southwest
"Partly cloudy, then rain",Partly cloudy after heavy rain,79,1.9,36,22.9,14.8,0,2.5,southeast
"Partly cloudy, then sunny","Sunny then rainy, sometimes cloudy",79,3,0,19.6,10.9,0,3.9,west northwest
"Partly sunny, cloudy after rain, accompanied by thunder","Partly cloudy, then sunny",72,5.1,0,21.4,10.7,0,4.3,West
sunny shower,partly cloudy,64,11,0,22.7,10.6,0,4.2,West
Cloudy with occasional rain,Cloudy with occasional rain and thunder,73,4,0,21.9,12.4,0,2.9,southwest
Partly cloudy with thunder,"Partly cloudy, then sunny with fog",90,0,26.5,18.3,15.1,0,1.8,northeast
fine weather,Partly rain after cloudy,79,12.7,0,23.2,12.9,0,3.1,south southeast
rain,rain,90,0,21,19.3,14.5,0,6.3,east southeast
Cloudy with occasional rain,partly cloudy,90,3,3,20.5,14.6,0,3.1,south southeast
Partly sunny after cloudy,Cloudy,85,4.9,0,22.6,15.7,0,2.6,east
"Partly cloudy, then occasional rain",Cloudy with occasional rain,84,3.1,0,24.9,15.4,0,3.3,east southeast
Cloudy with occasional rain,Cloudy with occasional rain,88,0,0,20.6,16.8,0,3.2,east
Partially cloudy,partly cloudy,85,10.8,0,24.6,16.2,0,1.8,south southeast
Cloudy with occasional rain,partly cloudy,90,0.3,0,20.6,16.6,0,1.5,West
Partly sunny after cloudy,partly cloudy,84,3.2,0,22.6,17.1,0,1.9,west northwest
partly cloudy,partly cloudy rain,77,4.5,1.5,25.9,18.3,0,4.7,west southwest
Partially cloudy,fine weather,64,10.3,0,24.3,14.9,0,4.6,north northwest
fine weather,fine weather,63,14,0,24,13.5,0,4,north northwest
fine weather,Partly cloudy after clear skies,68,14.3,0,24.2,11.3,0,2.6,west southwest
partly cloudy,partly cloudy,59,11.6,0,27.4,13.4,0,2.2,south southeast
partly cloudy,Cloudy with occasional rain,76,2.5,0,22.8,16.2,0,4.5,east
rainy and sometimes cloudy,rainy and sometimes cloudy,91,0,16.5,18.9,15.1,0,5.5,east
Partly sunny after cloudy,"Partly cloudy, then partly rain",87,1.1,7,20.4,15,0,3.3,east southeast
Partially cloudy,clear with fog,83,6.2,0,23.6,16.8,0,1.6,south southeast
"Partly cloudy, then sunny",partly cloudy,85,9.2,0,25.2,15.7,0,1.9,south southeast
Cloudy with occasional rain,rainy and sometimes cloudy,84,7.4,9.5,26.1,16.6,0,1.9,south southeast
